Zone,Weight,FedEx First Overnight,FedEx Priority Overnight,FedEx Standard Overnight,FedEx 2Day A.M.,FedEx 2Day,FedEx Express Saver
2,1,68.04,37.04,33.87,25.37,22.59,21.03
2,2,68.53,37.53,36.13,25.82,23.51,21.42
2,3,71.94,40.94,39.26,26.25,23.89,22.75
2,4,75.66,44.66,42.35,27.03,24.62,23.15
2,5,76.04,45.04,43.1,27.82,25.37,23.55
2,6,82.63,51.63,45.49,29.03,26.46,25.45
2,7,83.29,52.29,46.96,30.27,27.57,25.86
2,8,83.52,52.52,49.43,31.49,28.68,26.83
2,9,83.76,52.76,51.12,33.15,30.15,27.06
2,10,84.23,53.23,51.38,34.73,30.4,27.33
2,11,93.53,62.53,55.08,36.28,33.06,32.41
2,12,95,64,56.92,39.39,34.81,33.21
2,13,95.24,64.24,57.55,40.9,37.27,36.21
2,14,96.55,65.55,59.78,42.93,39.13,36.6
2,15,96.79,65.79,62.08,45.93,40.61,36.84
2,16,101.06,70.06,63.39,48.11,41.57,39.06
2,17,105.08,74.08,64.76,48.45,42.84,39.3
2,18,105.68,74.68,68.6,51.7,44.27,42.87
2,19,106.16,75.16,70.44,52.03,46.03,43.97
2,20,106.55,75.55,71.75,52.29,47.62,44.21
2,21,109.85,78.85,73.68,57.43,49.83,45.48
2,22,113.47,82.47,76.27,58.11,51.37,48.75
2,23,113.92,82.92,77.57,60.94,52.63,50.62
2,24,116.12,85.12,79.5,63.29,53.83,50.85
2,25,116.56,85.56,80.58,63.53,55.58,51.1
2,26,121.8,90.8,80.81,65.47,57.25,55.86
2,27,122.34,91.34,84.48,66.54,59.08,57.67
2,28,124.25,93.25,84.85,68.17,60.97,59.41
2,29,124.72,93.72,86.49,71.64,62.55,59.65
2,30,125.15,94.15,90.43,73.79,62.8,59.88
2,31,128.73,97.73,92.11,74.31,63.05,61.81
2,32,131.52,100.52,94.02,74.54,63.32,62.07
2,33,133.92,102.92,96.1,77.53,68.55,65.58
2,34,136.13,105.13,97.76,79.95,70.7,66.88
2,35,138.38,107.38,100.55,81.57,72.13,68.18
2,36,142.83,111.83,101.18,84.29,73.26,70.12
2,37,143.29,112.29,101.42,84.57,74.61,70.49
2,38,143.55,112.55,103.2,87.77,75.86,71.04
2,39,144,113,105.83,90.18,78.27,71.27
2,40,144.28,113.28,110.62,90.84,78.52,71.69
2,41,149.28,118.28,112.52,94.83,82.33,79.96
2,42,151.01,120.01,114.61,98.63,83.67,81.43
2,43,154.23,123.23,116.52,99.03,85.43,83.01
2,44,157.01,126.01,118.53,100.08,86.87,83.62
2,45,163,132,120.45,100.36,87.25,83.86
2,46,166.61,135.61,122.27,100.62,89.95,84.09
2,47,168.57,137.57,124.89,105.04,90.23,84.33
2,48,168.81,137.81,126.72,107.13,92.11,84.57
2,49,169.04,138.04,128.65,107.37,92.36,84.8
2,50,169.83,138.83,131.18,108.49,92.61,85.19
2,51,185.48,154.48,133.04,114.67,93.47,91.63
2,52,187.83,156.83,135.71,122.52,100.07,93.74
2,53,189.54,158.54,138.18,123.31,102.07,97.34
2,54,190.02,159.02,139.99,123.84,103.51,97.88
2,55,190.61,159.61,142.71,124.37,105.42,98.36
2,56,202.18,171.18,145.32,124.95,106.26,98.83
2,57,203.65,172.65,148.46,128.16,106.75,99.3
2,58,204.15,173.15,149.53,128.72,107.26,99.78
2,59,204.63,173.63,150,131.69,107.75,100.25
2,60,205.13,174.13,150.86,132.54,108.25,102.06
2,61,214.21,183.21,151.33,133.01,108.74,104.68
2,62,216.31,185.31,151.82,133.49,109.24,106.39
2,63,216.84,185.84,161.51,137.01,109.73,107.57
2,64,226.15,195.15,167.13,141.73,116.61,110.18
2,65,227.09,196.09,172.2,142.21,120.99,110.66
2,66,227.6,196.6,175.34,142.68,121.48,111.13
2,67,229.48,198.48,177.88,143.18,121.99,111.6
2,68,233.96,202.96,178.8,143.7,122.48,112.07
2,69,234.43,203.43,179.27,144.25,122.98,112.55
2,70,234.93,203.93,188.1,144.72,123.47,115.32
2,71,240.75,209.75,191.69,148,130.97,115.84
2,72,242.1,211.1,192.16,152.83,131.73,118.57
2,73,242.59,211.59,192.99,153.32,132.18,119.04
2,74,243.09,212.09,193.75,153.93,132.63,119.51
2,75,244.09,213.09,204.76,154.87,133.53,120.56
2,76,255.07,224.07,205.87,165.95,136.08,122.06
2,77,256.19,225.19,209.23,167.06,137.07,123.01
2,78,257.17,226.17,210.29,168.1,138.06,123.95
2,79,258.15,227.15,211.22,169.16,139.07,124.9
2,80,259.15,228.15,212.23,170.1,140.06,125.85
2,81,266.99,235.99,213.16,171.05,144.91,126.79
2,82,267.98,236.98,227.34,172.31,146.32,131.31
2,83,268.98,237.98,228.77,176.45,148.29,132.25
2,84,269.96,238.96,229.7,178.67,149.28,133.2
2,85,270.96,239.96,230.63,179.62,156.17,134.14
2,86,284.18,253.18,235.64,180.55,157.18,135.09
2,87,285.51,254.51,236.8,181.5,158.17,136.03
2,88,286.51,255.51,237.76,182.86,159.16,136.97
2,89,287.5,256.5,245.6,183.81,160.15,137.92
2,90,288.48,257.48,249.01,184.96,161.15,138.86
2,91,289.8,258.8,250.01,186,162.14,144.09
2,92,290.6,259.6,253.6,187.05,163.13,145.03
2,93,291.4,260.4,254.4,188.11,164.13,146.23
2,94,292.2,261.2,255.2,190.31,165.13,147.29
2,95,293,262,256,191.25,166.11,148.55
2,96,293.8,262.8,256.8,192.2,168.56,151.88
2,97,294.6,263.6,257.6,193.15,169.42,152.83
2,98,295.4,264.4,258.4,194.09,170.28,159.07
2,99,296.2,265.2,259.2,198.82,171.14,161.59
2,100,297,266,260,213,172,163
2,101,299.97,268.66,262.6,215.13,173.72,164.63
2,102,302.94,271.32,265.2,217.26,175.44,166.26
2,103,305.91,273.98,267.8,219.39,177.16,167.89
2,104,308.88,276.64,270.4,221.52,178.88,169.52
2,105,311.85,279.3,273,223.65,180.6,171.15
2,106,314.82,281.96,275.6,225.78,182.32,172.78
2,107,317.79,284.62,278.2,227.91,184.04,174.41
2,108,320.76,287.28,280.8,230.04,185.76,176.04
2,109,323.73,289.94,283.4,232.17,187.48,177.67
2,110,326.7,292.6,286,234.3,189.2,179.3
2,111,329.67,295.26,288.6,236.43,190.92,180.93
2,112,332.64,297.92,291.2,238.56,192.64,182.56
2,113,335.61,300.58,293.8,240.69,194.36,184.19
2,114,338.58,303.24,296.4,242.82,196.08,185.82
2,115,341.55,305.9,299,244.95,197.8,187.45
2,116,344.52,308.56,301.6,247.08,199.52,189.08
2,117,347.49,311.22,304.2,249.21,201.24,190.71
2,118,350.46,313.88,306.8,251.34,202.96,192.34
2,119,353.43,316.54,309.4,253.47,204.68,193.97
2,120,356.4,319.2,312,255.6,206.4,195.6
2,121,359.37,321.86,314.6,257.73,208.12,197.23
2,122,362.34,324.52,317.2,259.86,209.84,198.86
2,123,365.31,327.18,319.8,261.99,211.56,200.49
2,124,368.28,329.84,322.4,264.12,213.28,202.12
2,125,371.25,332.5,325,266.25,215,203.75
2,126,374.22,335.16,327.6,268.38,216.72,205.38
2,127,377.19,337.82,330.2,270.51,218.44,207.01
2,128,380.16,340.48,332.8,272.64,220.16,208.64
2,129,383.13,343.14,335.4,274.77,221.88,210.27
2,130,386.1,345.8,338,276.9,223.6,211.9
2,131,389.07,348.46,340.6,279.03,225.32,213.53
2,132,392.04,351.12,343.2,281.16,227.04,215.16
2,133,395.01,353.78,345.8,283.29,228.76,216.79
2,134,397.98,356.44,348.4,285.42,230.48,218.42
2,135,400.95,359.1,351,287.55,232.2,220.05
2,136,403.92,361.76,353.6,289.68,233.92,221.68
2,137,406.89,364.42,356.2,291.81,235.64,223.31
2,138,409.86,367.08,358.8,293.94,237.36,224.94
2,139,412.83,369.74,361.4,296.07,239.08,226.57
2,140,415.8,372.4,364,298.2,240.8,228.2
2,141,418.77,375.06,366.6,300.33,242.52,229.83
2,142,421.74,377.72,369.2,302.46,244.24,231.46
2,143,424.71,380.38,371.8,304.59,245.96,233.09
2,144,427.68,383.04,374.4,306.72,247.68,234.72
2,145,430.65,385.7,377,308.85,249.4,236.35
2,146,433.62,388.36,379.6,310.98,251.12,237.98
2,147,436.59,391.02,382.2,313.11,252.84,239.61
2,148,439.56,393.68,384.8,315.24,254.56,241.24
2,149,442.53,396.34,387.4,317.37,256.28,242.87
2,150,445.5,399,390,319.5,258,244.5
3,1,85.84,54.84,46.16,27.01,23.55,21.46
3,2,86.16,55.16,49.4,27.55,24.71,21.86
3,3,92.18,61.18,52.25,28.45,25.5,24.26
3,4,93.49,62.49,55.4,29.43,26.39,25.06
3,5,93.84,62.84,55.87,30.42,27.25,25.45
3,6,100.38,69.38,63.64,31.55,28.31,27.74
3,7,104,73,66.41,35.66,31.02,30.41
3,8,104.37,73.37,68.32,38.59,33.85,32.18
3,9,104.87,73.87,71.27,41.56,35.34,32.42
3,10,105.84,74.84,73.36,42.98,37.68,32.65
3,11,119.11,88.11,77.33,44.22,39.68,35.14
3,12,122.03,91.03,81.27,49.38,42.01,41.18
3,13,122.93,91.93,85.34,50.77,44.19,43.32
3,14,124.03,93.03,88.67,53.01,46.49,43.96
3,15,124.6,93.6,91.75,55.96,47.62,46.68
3,16,135.8,104.8,92.6,57.85,49.2,48.16
3,17,136.93,105.93,95.66,59.55,50.67,49.67
3,18,137.5,106.5,96.74,62.88,52.34,51.24
3,19,137.74,106.74,100.85,63.22,53.78,52.71
3,20,138.2,107.2,103.83,65.92,56.09,53.38
3,21,143.1,112.1,105.84,68.46,58.28,55.13
3,22,149.31,118.31,108.08,69.59,61.09,58.55
3,23,149.94,118.94,110.14,76.18,62.43,59.88
3,24,150.44,119.44,111.99,76.86,64.91,63.63
3,25,150.93,119.93,114.31,78.46,66.76,64.03
3,26,160.45,129.45,117.54,80.6,68.6,67.25
3,27,161.41,130.41,120.79,84.05,70.6,69.21
3,28,161.86,130.86,123.92,84.4,72.92,69.5
3,29,162.53,131.53,126.25,84.65,74.28,71.19
3,30,162.77,131.77,127.63,89.63,76.3,73.13
3,31,166.48,135.48,129.1,91.84,78.86,77.31
3,32,169.73,138.73,131.32,97.89,80.61,77.81
3,33,177.54,146.54,133.95,98.67,82.71,79.44
3,34,178.33,147.33,136.94,98.95,84.23,79.67
3,35,178.77,147.77,139.66,99.2,86.79,83.2
3,36,181.67,150.67,142.65,104.1,88.7,85.05
3,37,191.77,160.77,144.57,104.6,89.98,85.66
3,38,192.79,161.79,147.48,107.33,91.34,86.06
3,39,193.21,162.21,147.83,107.68,93.76,86.44
3,40,193.65,162.65,154.59,110.5,96.24,86.83
3,41,201.38,170.38,156.57,115.81,98.57,94.53
3,42,202.16,171.16,158.9,120.73,100.96,96.84
3,43,204.9,173.9,162.29,121.24,103.06,99.63
3,44,214.01,183.01,165.22,121.51,104.33,99.92
3,45,221.12,190.12,168.76,124.34,106.89,100.15
3,46,221.85,190.85,171.62,132.03,108.08,100.39
3,47,224.63,193.63,175.15,132.8,108.32,100.63
3,48,225.03,194.03,178.62,133.04,112.69,100.86
3,49,225.26,194.26,182.17,136.04,113.13,101.1
3,50,226.36,195.36,184.84,145.32,113.38,101.55
3,51,248.11,217.11,188.58,147.32,113.87,110.53
3,52,259.48,228.48,191.41,152.67,119.99,112.07
3,53,260.62,229.62,195.41,153.21,122.42,119.31
3,54,261.11,230.11,199.29,156.65,123.9,120.05
3,55,265.09,234.09,203.44,157.12,124.39,120.51
3,56,278.21,247.21,206.94,157.6,124.89,120.99
3,57,280.69,249.69,211.31,158.09,130.26,121.46
3,58,281.74,250.74,216.17,158.57,130.81,121.93
3,59,282.23,251.23,221.71,159.33,131.59,122.47
3,60,282.73,251.73,226.65,168.25,132.08,126.44
3,61,291.6,260.6,230.89,169.15,132.59,129.98
3,62,299.66,268.66,234.2,169.72,133.08,130.47
3,63,300.51,269.51,238.83,175.74,133.57,130.95
3,64,309.04,278.04,239.83,177.73,136.19,133.51
3,65,310.91,279.91,247.24,178.26,139.8,137.05
3,66,311.68,280.68,248,182.18,140.29,137.53
3,67,326.96,295.96,257.8,183.68,143.1,140.28
3,68,328.69,297.69,262.58,185.06,144.25,141.41
3,69,329.17,298.17,266.88,185.62,147.45,144.3
3,70,329.67,298.67,272.43,195.34,160.71,148.35
3,71,330.15,299.15,276.76,196.32,162.88,148.87
3,72,338.95,307.95,281.06,196.8,163.37,149.39
3,73,345.37,314.37,287.37,197.29,163.88,149.9
3,74,346.02,315.02,288.03,197.77,164.37,150.42
3,75,347.03,316.03,295.15,199.01,165.37,151.47
3,76,355.8,324.8,296.17,199.98,166.35,152.49
3,77,366.67,335.67,297.17,200.95,167.35,153.55
3,78,367.77,336.77,310.76,201.99,168.34,154.76
3,79,368.74,337.74,312.13,203.05,169.33,155.71
3,80,369.74,338.74,321.55,204.1,170.33,156.65
3,81,370.73,339.73,326.99,205.15,171.23,159.26
3,82,371.72,340.72,332.27,222.05,172.12,165.93
3,83,372.72,341.72,335.01,224.86,174.82,166.97
3,84,373.69,342.69,335.97,225.83,175.82,172.37
3,85,374.69,343.69,336.94,226.8,179.82,176.29
3,86,390.97,359.97,347.02,227.75,185.37,177.83
3,87,392.6,361.6,348.05,228.81,186.35,182.69
3,88,393.4,362.4,353.47,229.97,187.36,183.68
3,89,394.2,363.2,355.2,230.93,188.35,184.65
3,90,395,364,356,236.39,189.33,185.61
3,91,395.8,364.8,356.8,237.36,190.33,186.59
3,92,396.6,365.6,357.6,238.32,191.32,187.56
3,93,397.4,366.4,358.4,239.29,192.31,188.53
3,94,398.2,367.2,359.2,240.26,193.31,189.51
3,95,399,368,360,241.75,194.3,190.49
3,96,399.8,368.8,360.8,242.72,195.2,191.37
3,97,400.6,369.6,361.6,243.91,196.29,192.43
3,98,401.4,370.4,362.4,244.87,197.29,193.42
3,99,402.2,371.2,363.2,245.84,198.28,194.39
3,100,403,372,364,261,215,210
3,101,407.03,375.72,367.64,263.61,217.15,212.1
3,102,411.06,379.44,371.28,266.22,219.3,214.2
3,103,415.09,383.16,374.92,268.83,221.45,216.3
3,104,419.12,386.88,378.56,271.44,223.6,218.4
3,105,423.15,390.6,382.2,274.05,225.75,220.5
3,106,427.18,394.32,385.84,276.66,227.9,222.6
3,107,431.21,398.04,389.48,279.27,230.05,224.7
3,108,435.24,401.76,393.12,281.88,232.2,226.8
3,109,439.27,405.48,396.76,284.49,234.35,228.9
3,110,443.3,409.2,400.4,287.1,236.5,231
3,111,447.33,412.92,404.04,289.71,238.65,233.1
3,112,451.36,416.64,407.68,292.32,240.8,235.2
3,113,455.39,420.36,411.32,294.93,242.95,237.3
3,114,459.42,424.08,414.96,297.54,245.1,239.4
3,115,463.45,427.8,418.6,300.15,247.25,241.5
3,116,467.48,431.52,422.24,302.76,249.4,243.6
3,117,471.51,435.24,425.88,305.37,251.55,245.7
3,118,475.54,438.96,429.52,307.98,253.7,247.8
3,119,479.57,442.68,433.16,310.59,255.85,249.9
3,120,483.6,446.4,436.8,313.2,258,252
3,121,487.63,450.12,440.44,315.81,260.15,254.1
3,122,491.66,453.84,444.08,318.42,262.3,256.2
3,123,495.69,457.56,447.72,321.03,264.45,258.3
3,124,499.72,461.28,451.36,323.64,266.6,260.4
3,125,503.75,465,455,326.25,268.75,262.5
3,126,507.78,468.72,458.64,328.86,270.9,264.6
3,127,511.81,472.44,462.28,331.47,273.05,266.7
3,128,515.84,476.16,465.92,334.08,275.2,268.8
3,129,519.87,479.88,469.56,336.69,277.35,270.9
3,130,523.9,483.6,473.2,339.3,279.5,273
3,131,527.93,487.32,476.84,341.91,281.65,275.1
3,132,531.96,491.04,480.48,344.52,283.8,277.2
3,133,535.99,494.76,484.12,347.13,285.95,279.3
3,134,540.02,498.48,487.76,349.74,288.1,281.4
3,135,544.05,502.2,491.4,352.35,290.25,283.5
3,136,548.08,505.92,495.04,354.96,292.4,285.6
3,137,552.11,509.64,498.68,357.57,294.55,287.7
3,138,556.14,513.36,502.32,360.18,296.7,289.8
3,139,560.17,517.08,505.96,362.79,298.85,291.9
3,140,564.2,520.8,509.6,365.4,301,294
3,141,568.23,524.52,513.24,368.01,303.15,296.1
3,142,572.26,528.24,516.88,370.62,305.3,298.2
3,143,576.29,531.96,520.52,373.23,307.45,300.3
3,144,580.32,535.68,524.16,375.84,309.6,302.4
3,145,584.35,539.4,527.8,378.45,311.75,304.5
3,146,588.38,543.12,531.44,381.06,313.9,306.6
3,147,592.41,546.84,535.08,383.67,316.05,308.7
3,148,596.44,550.56,538.72,386.28,318.2,310.8
3,149,600.47,554.28,542.36,388.89,320.35,312.9
3,150,604.5,558,546,391.5,322.5,315
4,1,102.63,71.63,62.1,29.33,24.55,21.9
4,2,109.22,78.22,71.41,29.59,25.5,22.31
4,3,117.63,86.63,79.2,31.33,27,24.75
4,4,127.89,96.89,85.8,33.93,29.24,26.91
4,5,129.94,98.94,91.27,37.7,31.78,28.39
4,6,142.25,111.25,101.55,41.09,34.63,32.43
4,7,147.23,116.23,108.67,44.58,37.57,35.05
4,8,152.28,121.28,114.75,47.68,40.19,36.24
4,9,156.6,125.6,122.32,51.53,43.43,38.68
4,10,158.01,127.01,124.51,55.51,46.77,39.69
4,11,185.94,154.94,137.13,56.27,48.92,43.77
4,12,189.42,158.42,144.68,61.24,51.61,47.75
4,13,192.98,161.98,151.57,62.17,53.59,48.76
4,14,200.07,169.07,159.29,67.73,57.09,52.9
4,15,203.02,172.02,163.41,71.02,59.87,55.27
4,16,215.12,184.12,172.72,74.12,62.48,57.19
4,17,225.39,194.39,177.63,77.32,65.18,59.56
4,18,226.58,195.58,182.97,80.11,67.55,61.85
4,19,226.8,195.8,187.33,82.51,69.56,64
4,20,227.71,196.71,192.4,85.67,72.24,65.24
4,21,245.6,214.6,203.9,88.89,74.95,67.39
4,22,251.13,220.13,209.16,94.85,77.02,70.33
4,23,257.24,226.24,214.96,98.27,79.79,75.01
4,24,260.48,229.48,217.45,100.48,82.34,76.9
4,25,268.15,237.15,219.86,101.4,83.9,79.45
4,26,281.89,250.89,233.61,107.16,87.02,82.05
4,27,288.1,257.1,239.8,110.84,89.23,85.15
4,28,295.01,264.01,246.72,111.21,91.28,87.29
4,29,301.02,270.02,252.73,113.6,93.99,89.8
4,30,301.63,270.63,253.34,115.34,97.24,90.06
4,31,313.13,282.13,264.25,118.45,99.86,92.68
4,32,319.11,288.11,270,121.82,102.71,95.32
4,33,323.82,292.82,275.53,129.52,105.56,99.21
4,34,330.04,299.04,281.77,130.33,107.79,99.6
4,35,330.68,299.68,282.4,130.57,110.11,102.49
4,36,342.53,311.53,294.25,133.29,112.39,106.33
4,37,349.79,318.79,301.51,133.6,115.11,106.72
4,38,354.78,323.78,306.5,138.61,118.02,109.78
4,39,360.39,329.39,312.11,139.12,120.01,111.8
4,40,360.97,329.97,312.69,145.71,122.87,112.03
4,41,372.43,341.43,324.15,147.4,124.3,116.05
4,42,376.8,345.8,328.53,152.2,126.83,118.68
4,43,385.66,354.66,337.37,155.59,128.76,120.9
4,44,391.56,360.56,343.29,162.16,131.68,123.59
4,45,395.5,364.5,347.22,167.66,133.6,123.99
4,46,401.36,370.36,353.06,171,136.28,131.39
4,47,401.95,370.95,353.65,171.35,138.55,132.14
4,48,402.18,371.18,353.91,176.98,141.02,132.38
4,49,402.39,371.39,354.13,177.57,141.3,132.61
4,50,403.75,372.75,355.13,181.49,145.72,133.04
4,51,430.76,399.76,374.26,184.44,148.95,141.48
4,52,459.36,428.36,401.57,188.62,153.74,142.33
4,53,462.22,431.22,407.73,198.27,155.9,144.42
4,54,462.68,431.68,414.42,199.24,158.34,144.94
4,55,465.81,434.81,417.53,199.73,159.72,149.51
4,56,466.27,435.27,417.99,200.21,160.21,150.03
4,57,467.09,436.09,418.82,200.69,165.13,153.78
4,58,467.61,436.61,419.35,201.18,165.63,154.32
4,59,478,447,429.73,205.53,171.35,154.84
4,60,479.04,448.04,430.77,206.39,172.32,155.34
4,61,497.07,466.07,448.79,206.87,172.81,163.58
4,62,504.15,473.15,455.88,211.34,173.32,166.19
4,63,508.41,477.41,460.14,211.96,173.82,166.72
4,64,508.87,477.87,460.6,219.87,174.32,167.22
4,65,512.98,481.98,464.72,225.38,174.81,171.38
4,66,533.05,502.05,484.79,230.24,176.77,173.3
4,67,535.06,504.06,486.8,230.76,177.22,173.74
4,68,535.53,504.53,487.26,231.31,182.15,178.57
4,69,536.04,505.04,487.78,231.91,182.65,179.06
4,70,536.5,505.5,488.23,239.59,189.04,183.3
4,71,538.14,507.14,489.88,240.37,189.69,183.82
4,72,570.82,539.82,522.56,245.47,190.18,185.3
4,73,574.1,543.1,525.84,250.83,191.1,185.83
4,74,574.61,543.61,526.34,251.37,191.59,186.35
4,75,575.53,544.53,527.27,252.34,192.58,187.39
4,76,578.44,547.44,530.18,253.3,193.58,188.43
4,77,580.67,549.67,532.42,254.27,197.53,189.46
4,78,600.84,569.84,552.59,255.24,201.33,190.51
4,79,602.87,571.87,554.61,256.2,202.32,191.55
4,80,603.79,572.79,555.53,257.17,203.31,192.68
4,81,620.75,589.75,572.49,258.13,204.3,193.62
4,82,623.87,592.87,575.62,274.24,205.3,201.24
4,83,624.81,593.81,576.56,275.87,206.29,202.23
4,84,625.78,594.78,577.53,276.83,209.36,205.25
4,85,626.74,595.74,578.48,278.49,220.08,215.76
4,86,628.44,597.44,580.18,279.55,221.17,216.82
4,87,649.89,618.89,601.64,280.86,222.15,217.79
4,88,652.04,621.04,603.8,281.82,223.14,218.76
4,89,677.62,646.62,629.38,282.78,224.13,219.73
4,90,695.96,664.96,649.76,283.75,225.13,220.71
4,91,697.8,666.8,651.8,284.8,226.11,221.67
4,92,698.6,667.6,652.6,300.95,227.1,222.64
4,93,699.4,668.4,653.4,302.57,228.1,223.62
4,94,700.2,669.2,654.2,311.24,229.1,224.6
4,95,701,670,655,312.21,230.09,225.57
4,96,701.8,670.8,655.8,313.18,236.67,232.02
4,97,702.6,671.6,656.6,314.13,242.39,237.62
4,98,703.4,672.4,657.4,315.1,243.38,238.6
4,99,704.2,673.2,658.2,316.39,249.12,244.22
4,100,705,674,659,341,276,269
4,101,712.05,680.74,665.59,344.41,278.76,271.69
4,102,719.1,687.48,672.18,347.82,281.52,274.38
4,103,726.15,694.22,678.77,351.23,284.28,277.07
4,104,733.2,700.96,685.36,354.64,287.04,279.76
4,105,740.25,707.7,691.95,358.05,289.8,282.45
4,106,747.3,714.44,698.54,361.46,292.56,285.14
4,107,754.35,721.18,705.13,364.87,295.32,287.83
4,108,761.4,727.92,711.72,368.28,298.08,290.52
4,109,768.45,734.66,718.31,371.69,300.84,293.21
4,110,775.5,741.4,724.9,375.1,303.6,295.9
4,111,782.55,748.14,731.49,378.51,306.36,298.59
4,112,789.6,754.88,738.08,381.92,309.12,301.28
4,113,796.65,761.62,744.67,385.33,311.88,303.97
4,114,803.7,768.36,751.26,388.74,314.64,306.66
4,115,810.75,775.1,757.85,392.15,317.4,309.35
4,116,817.8,781.84,764.44,395.56,320.16,312.04
4,117,824.85,788.58,771.03,398.97,322.92,314.73
4,118,831.9,795.32,777.62,402.38,325.68,317.42
4,119,838.95,802.06,784.21,405.79,328.44,320.11
4,120,846,808.8,790.8,409.2,331.2,322.8
4,121,853.05,815.54,797.39,412.61,333.96,325.49
4,122,860.1,822.28,803.98,416.02,336.72,328.18
4,123,867.15,829.02,810.57,419.43,339.48,330.87
4,124,874.2,835.76,817.16,422.84,342.24,333.56
4,125,881.25,842.5,823.75,426.25,345,336.25
4,126,888.3,849.24,830.34,429.66,347.76,338.94
4,127,895.35,855.98,836.93,433.07,350.52,341.63
4,128,902.4,862.72,843.52,436.48,353.28,344.32
4,129,909.45,869.46,850.11,439.89,356.04,347.01
4,130,916.5,876.2,856.7,443.3,358.8,349.7
4,131,923.55,882.94,863.29,446.71,361.56,352.39
4,132,930.6,889.68,869.88,450.12,364.32,355.08
4,133,937.65,896.42,876.47,453.53,367.08,357.77
4,134,944.7,903.16,883.06,456.94,369.84,360.46
4,135,951.75,909.9,889.65,460.35,372.6,363.15
4,136,958.8,916.64,896.24,463.76,375.36,365.84
4,137,965.85,923.38,902.83,467.17,378.12,368.53
4,138,972.9,930.12,909.42,470.58,380.88,371.22
4,139,979.95,936.86,916.01,473.99,383.64,373.91
4,140,987,943.6,922.6,477.4,386.4,376.6
4,141,994.05,950.34,929.19,480.81,389.16,379.29
4,142,1001.1,957.08,935.78,484.22,391.92,381.98
4,143,1008.15,963.82,942.37,487.63,394.68,384.67
4,144,1015.2,970.56,948.96,491.04,397.44,387.36
4,145,1022.25,977.3,955.55,494.45,400.2,390.05
4,146,1029.3,984.04,962.14,497.86,402.96,392.74
4,147,1036.35,990.78,968.73,501.27,405.72,395.43
4,148,1043.4,997.52,975.32,504.68,408.48,398.12
4,149,1050.45,1004.26,981.91,508.09,411.24,400.81
4,150,1057.5,1011,988.5,511.5,414,403.5
5,1,110.21,79.21,68.8,35.17,28.73,25.77
5,2,116.04,85.04,77.61,37.48,31.21,26.22
5,3,128.19,97.19,85.98,41.28,34.36,29.09
5,4,137.43,106.43,94.23,48.22,40.12,32.69
5,5,138.38,107.38,102.45,53.53,44.58,34.03
5,6,156.6,125.6,109.23,58.47,48.67,40.09
5,7,162.77,131.77,118.7,63.87,53.19,40.88
5,8,167.89,136.89,126.38,69.7,58.03,43.94
5,9,168.41,137.41,134.47,74.83,62.29,45.72
5,10,170.33,139.33,136.59,79.92,66.54,49.14
5,11,208.73,177.73,152.22,80.46,71.15,51.94
5,12,217.05,186.05,159.17,91.09,75.17,60.17
5,13,221.17,190.17,166.56,95.68,79.68,61.32
5,14,221.59,190.59,173.6,101.2,84.27,64.98
5,15,222.79,191.79,180.6,105.11,87.52,67.8
5,16,246.71,215.71,187.26,108.54,90.37,72.67
5,17,249.11,218.11,193.3,115.91,94.71,73.37
5,18,249.37,218.37,197.3,119.88,97.98,76.11
5,19,249.58,218.58,201.47,124.79,101.98,78.88
5,20,250.02,219.02,209.24,128.2,106.73,82.16
5,21,258.45,227.45,216.12,135.03,110.34,82.5
5,22,265.05,234.05,229.46,138.8,113.44,87.7
5,23,276.19,245.19,235.26,142.78,116.68,90.25
5,24,286.09,255.09,238.27,148.32,121.21,93.64
5,25,287.09,256.09,239.03,153.44,125.37,96.86
5,26,304.77,273.77,254.09,158.43,129.49,100.01
5,27,306.54,275.54,258.48,164.05,134.06,105.4
5,28,314.64,283.64,265.85,167.91,137.25,105.96
5,29,315.46,284.46,267.4,171.93,140.51,108.72
5,30,317.96,286.96,269.89,177.57,145.1,112.1
5,31,330.77,299.77,282.72,181.54,148.36,117.19
5,32,332.06,301.06,284.01,182.48,151.95,117.7
5,33,352.19,321.19,296.3,189.9,155.19,120.93
5,34,354.21,323.21,301.64,192.92,160.63,123.86
5,35,354.58,323.58,306.52,193.62,163.8,126.97
5,36,361.11,330.11,313.05,200.72,167.17,127.42
5,37,380.89,349.89,321.63,201.44,171.49,132.84
5,38,382.88,351.88,329.31,201.71,174.95,135.98
5,39,383.13,352.13,334.97,205.96,178.44,138.97
5,40,383.59,352.59,335.54,223.26,182.46,140.23
5,41,392.6,361.6,344.57,224.99,185.81,145.22
5,42,398.14,367.14,350.1,232.18,189.73,148.96
5,43,407.98,376.98,359.93,236.07,192.9,151.72
5,44,418.29,387.29,370.23,240.25,196.33,154.84
5,45,422.12,391.12,374.08,243.6,199.06,158.23
5,46,432.8,401.8,384.75,247.3,201.09,163.89
5,47,434.38,403.38,386.34,250.75,201.35,164.47
5,48,437.43,406.43,389.37,254.45,201.6,169.94
5,49,437.74,406.74,389.69,254.82,201.85,170.49
5,50,439.56,408.56,391.51,259.4,202.21,170.78
5,51,475.95,444.95,427.9,268.7,209.06,176.56
5,52,484.67,453.67,436.63,269.65,220.56,177.14
5,53,493.6,462.6,445.57,270.28,222.19,186.98
5,54,494.5,463.5,446.47,282.69,222.71,190.46
5,55,495.64,464.64,447.61,283.94,223.22,193.27
5,56,508.4,477.4,460.36,284.7,223.86,196.77
5,57,509.68,478.68,461.64,298.64,236.5,199.79
5,58,510.14,479.14,462.09,300.04,237.78,202.93
5,59,517.35,486.35,469.32,300.63,238.3,205.48
5,60,518.08,487.08,470.05,312.03,244.94,206.01
5,61,532.19,501.19,484.14,313.19,245.62,213
5,62,538.41,507.41,490.38,313.8,246.13,215.93
5,63,539.13,508.13,491.1,325.98,251.23,219.31
5,64,553.39,522.39,505.35,327.2,251.74,222.24
5,65,559.09,528.09,511.06,327.67,258.43,224.56
5,66,575.54,544.54,527.51,332.62,259.1,225.1
5,67,577.19,546.19,529.17,333.16,259.61,225.64
5,68,583.94,552.94,535.91,333.72,260.12,234.28
5,69,585.49,554.49,537.46,334.26,261.26,235.15
5,70,585.96,554.96,537.94,334.81,283.41,241.09
5,71,586.95,555.95,538.92,335.34,285.64,243.14
5,72,605.63,574.63,557.6,335.9,286.14,246.51
5,73,607.5,576.5,559.47,336.43,290.85,247.57
5,74,607.97,576.97,559.93,336.98,291.36,248.11
5,75,608.91,577.91,560.88,338.08,297.23,249.21
5,76,613.84,582.84,565.82,343.67,299.37,250.27
5,77,632.49,601.49,584.46,361.51,300.4,251.37
5,78,646.59,615.59,598.56,363.94,314.8,252.44
5,79,655.77,624.77,607.74,391.54,316.25,253.54
5,80,657.76,626.76,609.73,394.31,317.28,254.6
5,81,696.14,665.14,648.11,395.26,318.3,255.8
5,82,699.98,668.98,651.95,403.31,319.32,274.97
5,83,700.93,669.93,652.9,404.41,320.36,277.93
5,84,701.88,670.88,653.85,405.5,321.38,279.03
5,85,702.83,671.83,654.8,413.91,334.51,289.13
5,86,705.25,674.25,657.22,415.38,335.83,290.23
5,87,708.27,677.27,660.24,439.74,336.86,291.3
5,88,709.74,678.74,661.71,442.19,337.89,292.39
5,89,739.12,708.12,691.1,443.28,338.9,293.46
5,90,743.26,712.26,695.24,444.36,339.94,294.56
5,91,744.16,713.16,696.15,445.46,340.96,295.62
5,92,745.07,714.07,697.06,446.56,341.98,296.71
5,93,745.99,714.99,697.97,447.65,343.01,297.81
5,94,746.9,715.9,698.89,448.75,344.03,298.88
5,95,752.04,721.04,700.95,449.85,345.07,299.97
5,96,756.86,725.86,708.85,450.94,351.16,301.04
5,97,762.84,731.84,714.83,451.98,352.19,302.14
5,98,764.86,733.86,716.85,452.95,353.22,303.2
5,99,805.02,774.02,752.48,455.49,373.78,315.43
5,100,810,779,763,505,394,350
5,101,818.1,786.79,770.63,510.05,397.94,353.5
5,102,826.2,794.58,778.26,515.1,401.88,357
5,103,834.3,802.37,785.89,520.15,405.82,360.5
5,104,842.4,810.16,793.52,525.2,409.76,364
5,105,850.5,817.95,801.15,530.25,413.7,367.5
5,106,858.6,825.74,808.78,535.3,417.64,371
5,107,866.7,833.53,816.41,540.35,421.58,374.5
5,108,874.8,841.32,824.04,545.4,425.52,378
5,109,882.9,849.11,831.67,550.45,429.46,381.5
5,110,891,856.9,839.3,555.5,433.4,385
5,111,899.1,864.69,846.93,560.55,437.34,388.5
5,112,907.2,872.48,854.56,565.6,441.28,392
5,113,915.3,880.27,862.19,570.65,445.22,395.5
5,114,923.4,888.06,869.82,575.7,449.16,399
5,115,931.5,895.85,877.45,580.75,453.1,402.5
5,116,939.6,903.64,885.08,585.8,457.04,406
5,117,947.7,911.43,892.71,590.85,460.98,409.5
5,118,955.8,919.22,900.34,595.9,464.92,413
5,119,963.9,927.01,907.97,600.95,468.86,416.5
5,120,972,934.8,915.6,606,472.8,420
5,121,980.1,942.59,923.23,611.05,476.74,423.5
5,122,988.2,950.38,930.86,616.1,480.68,427
5,123,996.3,958.17,938.49,621.15,484.62,430.5
5,124,1004.4,965.96,946.12,626.2,488.56,434
5,125,1012.5,973.75,953.75,631.25,492.5,437.5
5,126,1020.6,981.54,961.38,636.3,496.44,441
5,127,1028.7,989.33,969.01,641.35,500.38,444.5
5,128,1036.8,997.12,976.64,646.4,504.32,448
5,129,1044.9,1004.91,984.27,651.45,508.26,451.5
5,130,1053,1012.7,991.9,656.5,512.2,455
5,131,1061.1,1020.49,999.53,661.55,516.14,458.5
5,132,1069.2,1028.28,1007.16,666.6,520.08,462
5,133,1077.3,1036.07,1014.79,671.65,524.02,465.5
5,134,1085.4,1043.86,1022.42,676.7,527.96,469
5,135,1093.5,1051.65,1030.05,681.75,531.9,472.5
5,136,1101.6,1059.44,1037.68,686.8,535.84,476
5,137,1109.7,1067.23,1045.31,691.85,539.78,479.5
5,138,1117.8,1075.02,1052.94,696.9,543.72,483
5,139,1125.9,1082.81,1060.57,701.95,547.66,486.5
5,140,1134,1090.6,1068.2,707,551.6,490
5,141,1142.1,1098.39,1075.83,712.05,555.54,493.5
5,142,1150.2,1106.18,1083.46,717.1,559.48,497
5,143,1158.3,1113.97,1091.09,722.15,563.42,500.5
5,144,1166.4,1121.76,1098.72,727.2,567.36,504
5,145,1174.5,1129.55,1106.35,732.25,571.3,507.5
5,146,1182.6,1137.34,1113.98,737.3,575.24,511
5,147,1190.7,1145.13,1121.61,742.35,579.18,514.5
5,148,1198.8,1152.92,1129.24,747.4,583.12,518
5,149,1206.9,1160.71,1136.87,752.45,587.06,521.5
5,150,1215,1168.5,1144.5,757.5,591,525
6,1,114.39,83.39,74.56,41.46,34.5,29.46
6,2,118.58,87.58,85.83,45.88,38.9,31.41
6,3,135.52,104.52,91.74,52.71,44.69,36.52
6,4,141.31,110.31,103.96,60.91,51.64,38.42
6,5,142.33,111.33,106.26,68.02,57.68,43.6
6,6,162.38,131.38,120.15,77.05,64.12,51.21
6,7,167.78,136.78,128.7,85.09,72.12,54.04
6,8,174.23,143.23,137.37,94.47,79.8,59.32
6,9,174.88,143.88,141.05,104.32,86.83,61.26
6,10,176.87,145.87,143,109.34,92.69,65.05
6,11,216.5,185.5,164.76,111.13,100.06,72.13
6,12,224.36,193.36,172.81,129.56,107.8,76.6
6,13,225.15,194.15,179.83,135.45,114.82,78.31
6,14,225.41,194.41,186.78,143.73,121.86,82.29
6,15,226.63,195.63,190.22,154.17,128.3,86.75
6,16,251.03,220.03,200.12,160.94,133.93,90.4
6,17,253.49,222.49,204.77,165.1,139.97,94.04
6,18,253.75,222.75,209.27,175.15,145.77,97.4
6,19,253.96,222.96,214,181.57,151.09,100.68
6,20,254.65,223.65,215.33,184.55,156.47,104.43
6,21,268.32,237.32,232.57,194.7,157.01,109.4
6,22,269.99,238.99,234.3,201.06,167.31,113.22
6,23,289.27,258.27,242.56,208.32,173.36,117.88
6,24,291.2,260.2,247.15,211.88,179.68,121.76
6,25,296.26,265.26,248.21,222.93,185.53,125.19
6,26,317.3,286.3,269.25,230.51,191.82,129.09
6,27,324.31,293.31,274.96,238.33,198.33,132.48
6,28,325.02,294.02,276.97,244.44,203.4,144.44
6,29,325.28,294.28,277.22,246.36,208.87,148.7
6,30,326.56,295.56,278.49,253.09,214.6,153.43
6,31,351.79,320.79,300.32,263.77,219.5,161.26
6,32,354.32,323.32,306.28,271.5,225.94,162.05
6,33,360.09,329.09,312.04,278.76,232,166.77
6,34,360.68,329.68,312.63,287.18,239.01,169.49
6,35,361.27,330.27,313.21,290.38,246.19,169.78
6,36,372.83,341.83,324.78,298.16,252.8,170.44
6,37,389.48,358.48,341.42,306.24,259.67,183.24
6,38,395.23,364.23,347.19,319.96,266.29,187.09
6,39,395.81,364.81,347.77,327.74,272.73,191.52
6,40,396.83,365.83,348.79,335.17,278.92,191.98
6,41,417.07,386.07,369.03,342.74,285.22,199.2
6,42,419.1,388.1,371.06,343.59,291.34,203.47
6,43,426.16,395.16,378.11,350.81,298.19,207.57
6,44,433.07,402.07,385.03,365.28,304,211.32
6,45,433.78,402.78,385.73,371.95,309.54,211.7
6,46,447.72,416.72,399.67,377.77,314.77,217.38
6,47,449.67,418.67,401.63,378.47,315.34,217.95
6,48,449.9,418.9,401.86,392.37,326.63,218.26
6,49,450.12,419.12,402.08,399.16,332.18,218.5
6,50,451.79,420.79,403.75,403.7,337.86,218.88
6,51,485.01,454.01,436.97,427.94,354.13,226.48
6,52,501.63,470.63,453.6,433.71,359.51,253.39
6,53,503.3,472.3,455.27,434.29,360.06,256.1
6,54,503.78,472.78,455.74,434.83,360.85,256.68
6,55,504.94,473.94,456.91,435.29,376.29,257.33
6,56,517.96,486.96,469.92,435.75,377.85,270.16
6,57,520.19,489.19,472.14,436.4,390.15,271.45
6,58,530.19,499.19,482.16,436.87,394.68,280
6,59,531.21,500.21,483.17,437.97,399.59,280.86
6,60,532.23,501.23,484.2,458.64,405.73,281.62
6,61,552.54,521.54,504.5,460.71,411.49,282.33
6,62,554.66,523.66,506.63,463.19,412.39,296.4
6,63,557.08,526.08,509.05,509,427.26,305.67
6,64,573.37,542.37,525.33,517.74,428.76,310.46
6,65,576.78,545.78,528.74,528.69,429.22,311
6,66,593.5,562.5,545.48,533.32,429.97,313.14
6,67,595.18,564.18,547.16,533.85,430.44,313.68
6,68,595.68,564.68,547.65,534.33,430.91,314.22
6,69,596.59,565.59,548.55,539.77,432.38,314.77
6,70,597.07,566.07,549.04,540.32,455.08,315.31
6,71,598.12,567.12,550.09,550.04,457.36,315.84
6,72,617.13,586.13,569.1,551.55,465.14,316.39
6,73,619.04,588.04,571.01,557.3,465.93,316.93
6,74,619.52,588.52,571.48,557.88,466.58,317.47
6,75,620.47,589.47,572.44,558.81,479.49,318.55
6,76,625.51,594.51,577.47,559.73,486.99,319.64
6,77,649.57,618.57,601.54,560.67,501.88,320.7
6,78,665.71,634.71,617.69,572.95,503.38,321.8
6,79,675.1,644.1,627.08,596.65,506.07,322.87
6,80,676.93,645.93,628.92,599.03,533.61,323.97
6,81,711.18,680.18,663.16,601.45,536.37,327.84
6,82,714.61,683.61,666.6,649.43,537.39,351.66
6,83,715.56,684.56,667.54,659.61,545.87,372.11
6,84,716.53,685.53,668.52,660.63,551.72,374.17
6,85,717.45,686.45,669.43,664.03,552.74,375.24
6,86,718.74,687.74,670.73,664.96,553.74,376.33
6,87,721.82,690.82,673.8,665.89,554.75,377.41
6,88,723.58,692.58,675.57,667.19,555.77,378.5
6,89,758.74,727.74,710.73,668.23,562.63,379.67
6,90,767.84,736.84,719.83,669.28,568.46,380.66
6,91,768.76,737.76,720.75,670.33,569.47,381.74
6,92,769.68,738.68,721.67,671.37,570.49,382.82
6,93,770.59,739.59,722.57,672.44,571.49,383.9
6,94,771.5,740.5,723.48,673.49,572.51,384.99
6,95,772.45,741.45,724.43,693.92,574.25,386.58
6,96,777.93,746.93,729.92,729.87,578.75,417.49
6,97,785.39,754.39,737.38,737.33,590.92,420.59
6,98,801.28,770.28,753.27,741.57,604.75,421.68
6,99,823.75,792.75,776.66,769.12,615.15,440.5
6,100,826,795,779,778,625,489
6,101,834.26,802.95,786.79,785.78,631.25,493.89
6,102,842.52,810.9,794.58,793.56,637.5,498.78
6,103,850.78,818.85,802.37,801.34,643.75,503.67
6,104,859.04,826.8,810.16,809.12,650,508.56
6,105,867.3,834.75,817.95,816.9,656.25,513.45
6,106,875.56,842.7,825.74,824.68,662.5,518.34
6,107,883.82,850.65,833.53,832.46,668.75,523.23
6,108,892.08,858.6,841.32,840.24,675,528.12
6,109,900.34,866.55,849.11,848.02,681.25,533.01
6,110,908.6,874.5,856.9,855.8,687.5,537.9
6,111,916.86,882.45,864.69,863.58,693.75,542.79
6,112,925.12,890.4,872.48,871.36,700,547.68
6,113,933.38,898.35,880.27,879.14,706.25,552.57
6,114,941.64,906.3,888.06,886.92,712.5,557.46
6,115,949.9,914.25,895.85,894.7,718.75,562.35
6,116,958.16,922.2,903.64,902.48,725,567.24
6,117,966.42,930.15,911.43,910.26,731.25,572.13
6,118,974.68,938.1,919.22,918.04,737.5,577.02
6,119,982.94,946.05,927.01,925.82,743.75,581.91
6,120,991.2,954,934.8,933.6,750,586.8
6,121,999.46,961.95,942.59,941.38,756.25,591.69
6,122,1007.72,969.9,950.38,949.16,762.5,596.58
6,123,1015.98,977.85,958.17,956.94,768.75,601.47
6,124,1024.24,985.8,965.96,964.72,775,606.36
6,125,1032.5,993.75,973.75,972.5,781.25,611.25
6,126,1040.76,1001.7,981.54,980.28,787.5,616.14
6,127,1049.02,1009.65,989.33,988.06,793.75,621.03
6,128,1057.28,1017.6,997.12,995.84,800,625.92
6,129,1065.54,1025.55,1004.91,1003.62,806.25,630.81
6,130,1073.8,1033.5,1012.7,1011.4,812.5,635.7
6,131,1082.06,1041.45,1020.49,1019.18,818.75,640.59
6,132,1090.32,1049.4,1028.28,1026.96,825,645.48
6,133,1098.58,1057.35,1036.07,1034.74,831.25,650.37
6,134,1106.84,1065.3,1043.86,1042.52,837.5,655.26
6,135,1115.1,1073.25,1051.65,1050.3,843.75,660.15
6,136,1123.36,1081.2,1059.44,1058.08,850,665.04
6,137,1131.62,1089.15,1067.23,1065.86,856.25,669.93
6,138,1139.88,1097.1,1075.02,1073.64,862.5,674.82
6,139,1148.14,1105.05,1082.81,1081.42,868.75,679.71
6,140,1156.4,1113,1090.6,1089.2,875,684.6
6,141,1164.66,1120.95,1098.39,1096.98,881.25,689.49
6,142,1172.92,1128.9,1106.18,1104.76,887.5,694.38
6,143,1181.18,1136.85,1113.97,1112.54,893.75,699.27
6,144,1189.44,1144.8,1121.76,1120.32,900,704.16
6,145,1197.7,1152.75,1129.55,1128.1,906.25,709.05
6,146,1205.96,1160.7,1137.34,1135.88,912.5,713.94
6,147,1214.22,1168.65,1145.13,1143.66,918.75,718.83
6,148,1222.48,1176.6,1152.92,1151.44,925,723.72
6,149,1230.74,1184.55,1160.71,1159.22,931.25,728.61
6,150,1239,1192.5,1168.5,1167,937.5,733.5
7,1,125.7,94.7,81.04,44.25,36.8,30.96
7,2,129.6,98.6,92.82,51,43.17,34.49
7,3,145.76,114.76,102.15,59.05,50.01,38.6
7,4,155.64,124.64,111.17,68.7,57.11,44.12
7,5,157.37,126.37,113.6,76.52,63.63,48.71
7,6,175.94,144.94,126.91,84.97,70.71,54.11
7,7,182.28,151.28,136.47,94.4,78.49,61.22
7,8,191.22,160.22,146.14,104.02,86.47,67.01
7,9,192.12,161.12,155.81,111.97,94.82,73.54
7,10,193.68,162.68,157.81,121.8,103.15,79.13
7,11,224.8,193.8,176.26,125.79,110.56,84.86
7,12,228.87,197.87,185.86,142.62,118.45,90.23
7,13,246.44,215.44,195.7,146.83,124.35,90.78
7,14,248.2,217.2,204.23,155.84,130.86,95.43
7,15,249.31,218.31,211,162.09,136.65,104.26
7,16,271.4,240.4,216.49,168.96,143.65,109.7
7,17,273.61,242.61,221.4,182,151.32,110.25
7,18,273.84,242.84,226.16,187.19,158,120.42
7,19,274.06,243.06,231.23,198.79,165.27,123.69
7,20,274.77,243.77,236.41,201.85,170.94,124.11
7,21,288.72,257.72,247.45,209.83,176.82,132.28
7,22,301.45,270.45,265.14,216.75,183.57,133.11
7,23,316.23,285.23,268.02,228.05,189.6,144.13
7,24,321.99,290.99,271.53,236.96,192.17,145.24
7,25,322.73,291.73,274.68,241.76,203.96,154.13
7,26,330.04,299.04,281.99,253.73,210.97,159.45
7,27,337.35,306.35,289.3,259.16,218.06,165.05
7,28,344.16,313.16,296.1,262.43,223.68,170.09
7,29,353.18,322.18,305.13,267.36,229.28,175.15
7,30,354.57,323.57,306.51,270.79,235.48,175.67
7,31,365.64,334.64,317.58,284.84,240.58,180.27
7,32,367.25,336.25,319.19,286.28,247.26,181.56
7,33,387.02,356.02,335.98,293.9,252.95,186.26
7,34,394.54,363.54,343.3,311.77,259.24,190.64
7,35,397.93,366.93,349.87,313.76,264.94,195.45
7,36,403.33,372.33,355.27,323.69,271.77,199.46
7,37,415.58,384.58,363.56,325.31,281.43,203.47
7,38,416.82,385.82,368.77,326.63,288.74,207.55
7,39,426.53,395.53,375.3,348.18,296.43,218.42
7,40,427.51,396.51,379.47,355.71,303.69,219.52
7,41,433.13,402.13,385.09,374.79,311.62,219.77
7,42,434.63,403.63,386.58,384.04,319.3,224.4
7,43,454.3,423.3,406.25,390.28,325.22,229.39
7,44,461.17,430.17,413.12,391.24,330.75,234.29
7,45,468.14,437.14,420.09,402.8,336.94,239.17
7,46,473.12,442.12,425.07,411.08,342.38,247.99
7,47,474.42,443.42,426.37,411.92,342.93,248.88
7,48,482.48,451.48,434.43,413.23,351.28,266.12
7,49,483.3,452.3,435.27,421.44,352.13,268.76
7,50,485.16,454.16,437.12,429.66,352.63,269.27
7,51,522.16,491.16,474.12,453.22,362.53,271.46
7,52,541.36,510.36,484.36,461.14,388.39,271.95
7,53,565.1,534.1,494.85,467.92,392.36,272.52
7,54,567.48,536.48,505.96,468.6,392.85,283.75
7,55,567.93,536.93,513.16,478.25,393.34,284.88
7,56,568.39,537.39,520.34,481.69,393.82,286.22
7,57,569.1,538.1,521.07,482.14,401.78,312.87
7,58,570.55,539.55,522.52,488.05,402.58,315.55
7,59,572.06,541.06,524.02,497.78,407.59,320.5
7,60,602.03,571.03,554.02,512.67,416.64,321.04
7,61,619.88,588.88,571.85,517.59,420.05,331.47
7,62,628.3,597.3,580.26,522.76,420.83,337.17
7,63,636.81,605.81,588.79,529.06,435.83,342.58
7,64,647.76,616.76,599.74,550.32,437.34,347.99
7,65,657.31,626.31,609.29,573.24,437.81,353.38
7,66,658.28,627.28,610.26,575.54,438.57,358.19
7,67,658.74,627.74,610.71,583.35,439.05,358.75
7,68,659.19,628.19,611.17,586.32,439.53,359.28
7,69,659.65,628.65,611.62,587.9,441.03,360.07
7,70,660.99,629.99,612.96,590.88,469.6,375.45
7,71,687.58,656.58,639.56,591.82,474.28,384.77
7,72,716.17,685.17,665.55,610.62,474.77,388.94
7,73,719.03,688.03,670.92,612.53,475.25,389.47
7,74,719.48,688.48,671.47,619.62,475.92,390.01
7,75,720.41,689.41,672.38,627.74,489.09,391.11
7,76,738.61,707.61,690.58,628.66,496.73,401.04
7,77,740.44,709.44,692.42,629.61,512.03,402.13
7,78,741.36,710.36,693.34,630.83,521.2,403.24
7,79,753.55,722.55,705.54,655.2,552.14,404.31
7,80,756.56,725.56,708.54,686.87,555.95,405.41
7,81,774.81,743.81,726.8,690.2,556.91,407.21
7,82,776.64,745.64,728.63,693.68,557.87,441.8
7,83,777.6,746.6,729.59,709.74,558.83,445.27
7,84,792.85,761.85,744.84,711.35,568.26,446.35
7,85,794.39,763.39,746.38,712.57,569.22,447.45
7,86,795.31,764.31,747.3,713.51,570.12,448.53
7,87,796.48,765.48,748.47,714.43,573.96,452.24
7,88,799.4,768.4,751.39,720.47,578.41,453.22
7,89,857.72,826.72,809.7,722.06,579.36,454.32
7,90,889.56,858.56,841.56,740.13,580.34,455.53
7,91,892.75,861.75,844.75,757.4,581.3,456.51
7,92,893.67,862.67,845.67,772.8,582.26,457.59
7,93,894.79,863.79,846.58,774.35,583.21,458.68
7,94,895.81,864.81,847.81,775.42,584.19,459.78
7,95,896.74,865.74,848.73,776.46,589.37,460.88
7,96,897.64,866.64,849.64,781.27,590.33,461.95
7,97,898.55,867.55,850.53,783.53,602.75,463.06
7,98,900.62,869.62,852.56,807.2,616.86,464.63
7,99,941.91,910.91,893.04,810.87,644.61,495.84
7,100,1004,973,942,846,714,550
7,101,1014.04,982.73,951.42,854.46,721.14,555.5
7,102,1024.08,992.46,960.84,862.92,728.28,561
7,103,1034.12,1002.19,970.26,871.38,735.42,566.5
7,104,1044.16,1011.92,979.68,879.84,742.56,572
7,105,1054.2,1021.65,989.1,888.3,749.7,577.5
7,106,1064.24,1031.38,998.52,896.76,756.84,583
7,107,1074.28,1041.11,1007.94,905.22,763.98,588.5
7,108,1084.32,1050.84,1017.36,913.68,771.12,594
7,109,1094.36,1060.57,1026.78,922.14,778.26,599.5
7,110,1104.4,1070.3,1036.2,930.6,785.4,605
7,111,1114.44,1080.03,1045.62,939.06,792.54,610.5
7,112,1124.48,1089.76,1055.04,947.52,799.68,616
7,113,1134.52,1099.49,1064.46,955.98,806.82,621.5
7,114,1144.56,1109.22,1073.88,964.44,813.96,627
7,115,1154.6,1118.95,1083.3,972.9,821.1,632.5
7,116,1164.64,1128.68,1092.72,981.36,828.24,638
7,117,1174.68,1138.41,1102.14,989.82,835.38,643.5
7,118,1184.72,1148.14,1111.56,998.28,842.52,649
7,119,1194.76,1157.87,1120.98,1006.74,849.66,654.5
7,120,1204.8,1167.6,1130.4,1015.2,856.8,660
7,121,1214.84,1177.33,1139.82,1023.66,863.94,665.5
7,122,1224.88,1187.06,1149.24,1032.12,871.08,671
7,123,1234.92,1196.79,1158.66,1040.58,878.22,676.5
7,124,1244.96,1206.52,1168.08,1049.04,885.36,682
7,125,1255,1216.25,1177.5,1057.5,892.5,687.5
7,126,1265.04,1225.98,1186.92,1065.96,899.64,693
7,127,1275.08,1235.71,1196.34,1074.42,906.78,698.5
7,128,1285.12,1245.44,1205.76,1082.88,913.92,704
7,129,1295.16,1255.17,1215.18,1091.34,921.06,709.5
7,130,1305.2,1264.9,1224.6,1099.8,928.2,715
7,131,1315.24,1274.63,1234.02,1108.26,935.34,720.5
7,132,1325.28,1284.36,1243.44,1116.72,942.48,726
7,133,1335.32,1294.09,1252.86,1125.18,949.62,731.5
7,134,1345.36,1303.82,1262.28,1133.64,956.76,737
7,135,1355.4,1313.55,1271.7,1142.1,963.9,742.5
7,136,1365.44,1323.28,1281.12,1150.56,971.04,748
7,137,1375.48,1333.01,1290.54,1159.02,978.18,753.5
7,138,1385.52,1342.74,1299.96,1167.48,985.32,759
7,139,1395.56,1352.47,1309.38,1175.94,992.46,764.5
7,140,1405.6,1362.2,1318.8,1184.4,999.6,770
7,141,1415.64,1371.93,1328.22,1192.86,1006.74,775.5
7,142,1425.68,1381.66,1337.64,1201.32,1013.88,781
7,143,1435.72,1391.39,1347.06,1209.78,1021.02,786.5
7,144,1445.76,1401.12,1356.48,1218.24,1028.16,792
7,145,1455.8,1410.85,1365.9,1226.7,1035.3,797.5
7,146,1465.84,1420.58,1375.32,1235.16,1042.44,803
7,147,1475.88,1430.31,1384.74,1243.62,1049.58,808.5
7,148,1485.92,1440.04,1394.16,1252.08,1056.72,814
7,149,1495.96,1449.77,1403.58,1260.54,1063.86,819.5
7,150,1506,1459.5,1413,1269,1071,825
8,1,128.32,97.32,85.43,45.22,37.55,34.37
8,2,139.71,108.71,99.05,53.72,45.44,39.92
8,3,149.84,118.84,108.27,62.76,52.13,45.09
8,4,160.33,129.33,118.54,71.42,59.33,51.58
8,5,161.39,130.39,120,81.26,67.5,57.85
8,6,182.18,151.18,135.03,89.01,73.93,65.8
8,7,192.52,161.52,144.28,98.06,81.45,68.53
8,8,197.55,166.55,153.31,107.88,89.61,74.83
8,9,198.07,167.07,163.23,118.44,98.36,84.99
8,10,199.53,168.53,165.22,127.21,106.4,91.63
8,11,228.68,197.68,181.58,128.32,115.3,98.19
8,12,232.84,201.84,191.28,148.36,120.82,103.76
8,13,250.75,219.75,200.5,154.15,130.41,110.06
8,14,252.55,221.55,210.44,158.97,136.29,115.76
8,15,253.68,222.68,218.31,165.34,142.46,122.28
8,16,276.21,245.21,223.89,172.34,148.5,127.73
8,17,278.47,247.47,228.66,185.65,155.4,133.46
8,18,278.7,247.7,234.78,190.94,161.3,137.98
8,19,278.93,247.93,240.82,204.61,169.97,143
8,20,280.16,249.16,241.82,206.09,176.3,149.1
8,21,304.64,273.64,261.22,214.03,180.54,153.98
8,22,313.93,282.93,272.28,230.25,187.55,159.74
8,23,321.95,290.95,273.39,238.77,193.97,161.19
8,24,327.82,296.82,279.44,242.77,196.02,161.93
8,25,328.57,297.57,280.52,246.61,212.49,176.29
8,26,343.4,312.4,295.34,262.73,218.35,181.65
8,27,357.38,326.38,309.32,264.35,225.2,187.3
8,28,365.47,334.47,317.42,267.68,230.65,193.32
8,29,367.23,336.23,319.18,272.71,237.52,199.34
8,30,367.87,336.87,319.81,276.22,243.54,205.05
8,31,380.4,349.4,332.34,290.54,250.05,210.62
8,32,386.02,355.02,337.98,292.01,256.08,211.35
8,33,400.16,369.16,352.1,299.78,262.6,212.17
8,34,401.82,370.82,353.77,323.39,269.06,228.27
8,35,405.27,374.27,357.22,325.76,270.25,229.89
8,36,413.22,382.22,365.17,331.26,277.22,239.94
8,37,426.19,395.19,378.15,331.82,290.21,240.95
8,38,427.5,396.5,379.46,333.17,298.12,241.41
8,39,434.56,403.56,386.52,360.13,305.87,250.51
8,40,435.45,404.45,387.4,362.84,312.64,259.57
8,41,453,422,404.95,386.51,321.08,265.11
8,42,462.32,431.32,414.27,396.26,329.14,270.85
8,43,486.05,455.05,432.67,398.09,336.01,277.14
8,44,488.44,457.44,440.39,399.07,342.63,277.78
8,45,489.36,458.36,441.31,410.86,347.73,278.64
8,46,507.1,476.1,459.07,419.31,355.24,295.72
8,47,508.88,477.88,460.85,420.16,356,297.45
8,48,509.16,478.16,461.12,421.5,358.87,305.86
8,49,509.4,478.4,461.35,429.87,359.18,306.71
8,50,510.78,479.78,462.75,438.26,359.69,308.02
8,51,538.38,507.38,490.35,466.93,369.79,334.05
8,52,566.35,535.35,518.31,478.77,397.44,336.67
8,53,577.39,546.39,527.8,479.97,400.21,345.23
8,54,578.5,547.5,530.48,486.9,400.72,346.09
8,55,578.97,547.97,530.93,487.82,401.21,346.58
8,56,579.42,548.42,531.38,491.34,401.71,347.08
8,57,579.87,548.87,531.84,491.79,409.82,354.02
8,58,581.35,550.35,533.31,497.82,410.64,359.8
8,59,610.54,579.54,562.51,507.75,415.75,366.42
8,60,613.46,582.46,565.44,522.93,424.98,373.06
8,61,631.67,600.67,583.64,536.48,428.46,379.03
8,62,646.13,615.13,598.11,537.84,429.25,379.65
8,63,648.93,617.93,600.91,539.65,444.55,391.57
8,64,671.8,640.8,623.77,575.72,446.09,397.81
8,65,679.01,648.01,630.99,585.05,446.57,407.28
8,66,680.35,649.35,632.32,587.06,447.35,415.92
8,67,680.8,649.8,632.77,595.02,447.84,416.79
8,68,684.57,653.57,636.55,600.37,448.33,434.08
8,69,697.05,666.05,649.02,602.25,449.86,435.81
8,70,698.31,667.31,650.28,602.7,479,436.39
8,71,700.73,669.73,652.7,603.67,483.79,447.74
8,72,749.01,718.01,684.64,622.87,484.27,448.88
8,73,753.85,722.85,704.37,624.79,484.76,449.37
8,74,754.38,723.38,706.36,632.02,485.44,449.87
8,75,755.29,724.29,707.27,640.3,498.88,451.09
8,76,756.21,725.21,708.18,650.28,506.67,475.26
8,77,757.12,726.12,709.1,651.59,522.28,477.68
8,78,758.03,727.03,710.01,653.64,559.46,479.9
8,79,768.01,737.01,720,683.62,563.19,484.39
8,80,771.08,740.08,723.06,700.62,567.08,485.47
8,81,789.69,758.69,741.68,705.89,568.05,486.58
8,82,791.56,760.56,743.55,707.56,569.03,488.94
8,83,792.55,761.55,744.53,729.02,570.01,501.49
8,84,808.13,777.13,760.12,731.17,579.63,502.75
8,85,809.69,778.69,761.69,732.1,580.62,521.49
8,86,810.61,779.61,762.6,733.03,581.53,523.37
8,87,811.8,780.8,763.79,733.96,585.45,524.78
8,88,815.64,784.64,767.63,734.88,589.99,525.77
8,89,892.39,861.39,844.39,736.55,590.96,526.75
8,90,908.37,877.37,860.16,769.92,591.95,527.74
8,91,910,879,861.76,773.29,592.93,528.82
8,92,911.03,880.03,862.77,788.33,593.92,529.93
8,93,912.07,881.07,863.79,789.85,594.88,531.01
8,94,913.12,882.12,864.82,790.93,595.88,532.35
8,95,914.17,883.17,865.85,792.01,601.17,559.09
8,96,915.1,884.1,866.76,796.9,602.14,579.87
8,97,916.26,885.26,867.9,799.21,614.81,581.95
8,98,918.35,887.35,869.95,823.37,629.21,583.11
8,99,960.14,929.14,910.92,827.09,664.85,600.34
8,100,1063,1032,983,873,736,627
8,101,1073.63,1042.32,992.83,881.73,743.36,633.27
8,102,1084.26,1052.64,1002.66,890.46,750.72,639.54
8,103,1094.89,1062.96,1012.49,899.19,758.08,645.81
8,104,1105.52,1073.28,1022.32,907.92,765.44,652.08
8,105,1116.15,1083.6,1032.15,916.65,772.8,658.35
8,106,1126.78,1093.92,1041.98,925.38,780.16,664.62
8,107,1137.41,1104.24,1051.81,934.11,787.52,670.89
8,108,1148.04,1114.56,1061.64,942.84,794.88,677.16
8,109,1158.67,1124.88,1071.47,951.57,802.24,683.43
8,110,1169.3,1135.2,1081.3,960.3,809.6,689.7
8,111,1179.93,1145.52,1091.13,969.03,816.96,695.97
8,112,1190.56,1155.84,1100.96,977.76,824.32,702.24
8,113,1201.19,1166.16,1110.79,986.49,831.68,708.51
8,114,1211.82,1176.48,1120.62,995.22,839.04,714.78
8,115,1222.45,1186.8,1130.45,1003.95,846.4,721.05
8,116,1233.08,1197.12,1140.28,1012.68,853.76,727.32
8,117,1243.71,1207.44,1150.11,1021.41,861.12,733.59
8,118,1254.34,1217.76,1159.94,1030.14,868.48,739.86
8,119,1264.97,1228.08,1169.77,1038.87,875.84,746.13
8,120,1275.6,1238.4,1179.6,1047.6,883.2,752.4
8,121,1286.23,1248.72,1189.43,1056.33,890.56,758.67
8,122,1296.86,1259.04,1199.26,1065.06,897.92,764.94
8,123,1307.49,1269.36,1209.09,1073.79,905.28,771.21
8,124,1318.12,1279.68,1218.92,1082.52,912.64,777.48
8,125,1328.75,1290,1228.75,1091.25,920,783.75
8,126,1339.38,1300.32,1238.58,1099.98,927.36,790.02
8,127,1350.01,1310.64,1248.41,1108.71,934.72,796.29
8,128,1360.64,1320.96,1258.24,1117.44,942.08,802.56
8,129,1371.27,1331.28,1268.07,1126.17,949.44,808.83
8,130,1381.9,1341.6,1277.9,1134.9,956.8,815.1
8,131,1392.53,1351.92,1287.73,1143.63,964.16,821.37
8,132,1403.16,1362.24,1297.56,1152.36,971.52,827.64
8,133,1413.79,1372.56,1307.39,1161.09,978.88,833.91
8,134,1424.42,1382.88,1317.22,1169.82,986.24,840.18
8,135,1435.05,1393.2,1327.05,1178.55,993.6,846.45
8,136,1445.68,1403.52,1336.88,1187.28,1000.96,852.72
8,137,1456.31,1413.84,1346.71,1196.01,1008.32,858.99
8,138,1466.94,1424.16,1356.54,1204.74,1015.68,865.26
8,139,1477.57,1434.48,1366.37,1213.47,1023.04,871.53
8,140,1488.2,1444.8,1376.2,1222.2,1030.4,877.8
8,141,1498.83,1455.12,1386.03,1230.93,1037.76,884.07
8,142,1509.46,1465.44,1395.86,1239.66,1045.12,890.34
8,143,1520.09,1475.76,1405.69,1248.39,1052.48,896.61
8,144,1530.72,1486.08,1415.52,1257.12,1059.84,902.88
8,145,1541.35,1496.4,1425.35,1265.85,1067.2,909.15
8,146,1551.98,1506.72,1435.18,1274.58,1074.56,915.42
8,147,1562.61,1517.04,1445.01,1283.31,1081.92,921.69
8,148,1573.24,1527.36,1454.84,1292.04,1089.28,927.96
8,149,1583.87,1537.68,1464.67,1300.77,1096.64,934.23
8,150,1594.5,1548,1474.5,1309.5,1104,940.5
